{
  "name": "mint",
  "private": true,
  "version": "1.0.0",
  "type": "module",
  "scripts": {
    "dev": "vite",
    "build": "vite build",
    "preview": "vite preview",
    "deploy": "npm run build && gh-pages -d dist"
  },
  "dependencies": {
    "@capacitor/core": "^6.1.0",
    "@supabase/supabase-js": "^2.91.0",
    "capacitor-face-id": "^2.0.2",
    "framer-motion": "^11.11.11",
    "lucide-react": "^0.451.0",
    "react": "^18.3.1",
    "react-dom": "^18.3.1"
  },
  "devDependencies": {
    "@vitejs/plugin-react": "^4.3.1",
    "autoprefixer": "^10.4.20",
    "gh-pages": "^6.1.1",
    "postcss": "^8.4.47",
    "tailwindcss": "^3.4.14",
    "vite": "^5.4.8"
  }
}
